freq (Hz),value(value(value(value(value(value(value(spectrum "modelFiles" "ms011_ms013s_io33_v1p24_res_spe.ckt,ms011_ms013s_io33_v1p24_spe.lib:tt,ms011_ms013s_io33_rf_v1p14_spe.lib:mom_tt,ms011_ms013s_io33_v1p24_spe.lib:res_tt,ms011_ms013s_io33_v1p24_spe.lib:dio_tt") "avdd" 1.2) "avdd33" 3.3) "fin" 2734375) "tstart_fft" 9.642857e-08) "tstop" 2.661429e-06) "temperature" 60) (dB)
0.000000000,-14.94923684537216
390.6250000E3,-14.94906806677208
781.2500000E3,-103.0614512952228
1.171875000E6,-102.4163632090575
1.562500000E6,-108.4939013095511
1.953125000E6,-107.0969155257768
2.343750000E6,-20.97826848388461
2.734375000E6,-14.95753037323863
3.125000000E6,-20.97819387778476
3.515625000E6,-110.0857263644968
3.906250000E6,-108.4231751824279
4.296875000E6,-118.9197422278393
4.687500000E6,-101.8629253161918
5.078125000E6,-104.1360732864186
5.468750000E6,-96.81114371679099
5.859375000E6,-98.75390646936177
6.250000000E6,-97.93817738633052
6.640625000E6,-92.82310301855942
7.031250000E6,-101.0674914195280
7.421875000E6,-100.2462702247321
7.812500000E6,-108.6976423766871
8.203125000E6,-97.61033042461941
8.593750000E6,-98.13642237087578
8.984375000E6,-100.1386187725093
9.375000000E6,-94.83210741938078
9.765625000E6,-95.31523067727588
10.15625000E6,-105.3309864672526
10.54687500E6,-98.78572146749960
10.93750000E6,-103.3217893967355
11.32812500E6,-105.8359019372878
11.71875000E6,-101.4678818983631
12.10937500E6,-97.61474442939063
12.50000000E6,-97.62533077524672
12.89062500E6,-101.8196449126646
13.28125000E6,-99.01483214827429
13.67187500E6,-95.48145719354478
14.06250000E6,-110.4803211175749
14.45312500E6,-98.34937697106461
14.84375000E6,-99.86971687089238
15.23437500E6,-101.6097927466804
15.62500000E6,-105.7357985606740
16.01562500E6,-102.7718836911839
16.40625000E6,-101.9979141476439
16.79687500E6,-101.9100396673817
17.18750000E6,-105.8845961288536
17.57812500E6,-103.4518328433797
17.96875000E6,-116.1816271262006
18.35937500E6,-110.4703248019834
18.75000000E6,-106.4051758679149
19.14062500E6,-103.2208767701606
19.53125000E6,-99.66651291607280
19.92187500E6,-97.54192011127294
20.31250000E6,-108.5480900142556
20.70312500E6,-94.30179595043950
21.09375000E6,-98.64672190936190
21.48437500E6,-108.5651665334224
21.87500000E6,-105.7431596469243
22.26562500E6,-108.3814281826621
22.65625000E6,-106.3098699544833
23.04687500E6,-100.9713250172562
23.43750000E6,-102.0168543355763
23.82812500E6,-99.12426612100045
24.21875000E6,-109.9913520760716
24.60937500E6,-94.19332717890072
25.00000000E6,-101.1753544688325
25.39062500E6,-111.1385482470183
25.78125000E6,-101.2423681643032
26.17187500E6,-96.41945150756337
26.56250000E6,-100.5808623328313
26.95312500E6,-104.3776329525595
27.34375000E6,-112.0101105709975
27.73437500E6,-104.3824300851106
28.12500000E6,-112.2912818040258
28.51562500E6,-99.20143667631341
28.90625000E6,-106.5062950068753
29.29687500E6,-102.5173080349826
29.68750000E6,-95.62157191634360
30.07812500E6,-93.95657552983180
30.46875000E6,-102.7609886238864
30.85937500E6,-111.0002559875741
31.25000000E6,-108.8196427601372
31.64062500E6,-98.88602583918278
32.03125000E6,-101.1678915607156
32.42187500E6,-101.0992106685943
32.81250000E6,-101.5455753552211
33.20312500E6,-100.9216214484501
33.59375000E6,-99.92428164707697
33.98437500E6,-99.03251260277798
34.37500000E6,-113.4527631305316
34.76562500E6,-101.6515708218993
35.15625000E6,-99.33002609999362
35.54687500E6,-100.3240045676166
35.93750000E6,-119.8086629826975
36.32812500E6,-99.61230549545162
36.71875000E6,-98.61493270731522
37.10937500E6,-98.66865209041833
37.50000000E6,-102.1547260981544
37.89062500E6,-100.9366005653762
38.28125000E6,-103.3654335079740
38.67187500E6,-104.2306626933974
39.06250000E6,-101.0177658106668
39.45312500E6,-101.2303807585766
39.84375000E6,-100.0221163508740
40.23437500E6,-95.76395909389915
40.62500000E6,-98.67647775199508
41.01562500E6,-100.1546972627231
41.40625000E6,-103.0852926069741
41.79687500E6,-101.4567594575891
42.18750000E6,-105.7500981173621
42.57812500E6,-105.9709040030440
42.96875000E6,-102.5634634358068
43.35937500E6,-103.4552174771206
43.75000000E6,-100.3627850316563
44.14062500E6,-98.80039043466830
44.53125000E6,-103.9654777065770
44.92187500E6,-105.3481668550765
45.31250000E6,-111.6139081374597
45.70312500E6,-120.7436334173005
46.09375000E6,-99.15728199751003
46.48437500E6,-94.21355042220382
46.87500000E6,-97.58867648088879
47.26562500E6,-95.08869840003609
47.65625000E6,-98.90456381896784
48.04687500E6,-100.8774678931552
48.43750000E6,-122.2478437991631
48.82812500E6,-109.6677837245665
49.21875000E6,-102.8042277359240
49.60937500E6,-97.58456241281733
50.00000000E6,-105.7787026648296
50.39062500E6,-101.5480946656282
50.78125000E6,-107.0632841940577
51.17187500E6,-111.1797232784975
51.56250000E6,-102.9924916102632
51.95312500E6,-96.51434102721053
52.34375000E6,-100.5260011912310
52.73437500E6,-110.1903923483068
53.12500000E6,-115.4558893606582
53.51562500E6,-103.2721123371636
53.90625000E6,-102.8795768112370
54.29687500E6,-103.5429071499178
54.68750000E6,-106.3352625394836
55.07812500E6,-109.3710483839762
55.46875000E6,-113.3463300186750
55.85937500E6,-101.2084583695299
56.25000000E6,-102.8560129627349
56.64062500E6,-121.0632269494849
57.03125000E6,-109.2507468794552
57.42187500E6,-111.4363565088707
57.81250000E6,-106.6101240951821
58.20312500E6,-102.7293834923618
58.59375000E6,-113.1466610776703
58.98437500E6,-103.6995478240355
59.37500000E6,-104.1324254318560
59.76562500E6,-105.0198693616916
60.15625000E6,-118.4720301709993
60.54687500E6,-102.8449359327993
60.93750000E6,-107.2351186936017
61.32812500E6,-101.5456863626953
61.71875000E6,-105.6572170874440
62.10937500E6,-102.9707186959361
62.50000000E6,-103.6791688407547
62.89062500E6,-107.3828905227291
63.28125000E6,-115.3622856382235
63.67187500E6,-103.0339154907010
64.06250000E6,-133.3222461379356
64.45312500E6,-103.8594163929027
64.84375000E6,-105.2204635700232
65.23437500E6,-99.14457143748878
65.62500000E6,-101.6150467553970
66.01562500E6,-102.6972496367094
66.40625000E6,-103.5846279444869
66.79687500E6,-101.7711494737131
67.18750000E6,-101.2882520224047
67.57812500E6,-103.8078020427883
67.96875000E6,-108.0883891532679
68.35937500E6,-105.1921135958457
68.75000000E6,-103.5744642170647
69.14062500E6,-105.7424531767336
69.53125000E6,-109.9463865400680
69.92187500E6,-103.7187754009655
70.31250000E6,-108.5741896756388
70.70312500E6,-117.9853198117202
71.09375000E6,-112.0521108667140
71.48437500E6,-127.0558101714692
71.87500000E6,-111.8338630771292
72.26562500E6,-116.7353781855353
72.65625000E6,-116.8269173144402
73.04687500E6,-111.2208382271833
73.43750000E6,-109.7629627985416
73.82812500E6,-99.07454112975272
74.21875000E6,-99.61137974386648
74.60937500E6,-106.3133006313895
75.00000000E6,-108.4675627640711
75.39062500E6,-118.7456947470963
75.78125000E6,-111.5857631999341
76.17187500E6,-124.4548985187312
76.56250000E6,-105.4737846734953
76.95312500E6,-104.8971479454285
77.34375000E6,-109.9377222129929
77.73437500E6,-106.4990397371206
78.12500000E6,-107.7620634669359
78.51562500E6,-106.9777118974114
78.90625000E6,-106.4333756361286
79.29687500E6,-109.0281212232853
79.68750000E6,-109.4230246080934
80.07812500E6,-106.1772736945649
80.46875000E6,-105.8473481728692
80.85937500E6,-109.8178774238922
81.25000000E6,-107.5418225443825
81.64062500E6,-104.9331465909788
82.03125000E6,-124.4556877168534
82.42187500E6,-106.3506938694596
82.81250000E6,-112.2854595682159
83.20312500E6,-108.4017942704610
83.59375000E6,-111.2285682344448
83.98437500E6,-107.4364539382497
84.37500000E6,-110.8380907426305
84.76562500E6,-109.2047557532584
85.15625000E6,-114.4078976156976
85.54687500E6,-113.1871642319399
85.93750000E6,-118.9970929859620
86.32812500E6,-106.4567834224868
86.71875000E6,-113.7091198087525
87.10937500E6,-109.1100469571418
87.50000000E6,-114.3617265026649
87.89062500E6,-105.7631978243191
88.28125000E6,-107.8163262662256
88.67187500E6,-105.2953854131696
89.06250000E6,-110.0301153492864
89.45312500E6,-113.0104864921017
89.84375000E6,-116.3583700218576
90.23437500E6,-115.4741370622338
90.62500000E6,-115.0592565844129
91.01562500E6,-109.1311242239228
91.40625000E6,-106.2755894728252
91.79687500E6,-108.1843332618733
92.18750000E6,-108.8875157328186
92.57812500E6,-110.4494506690936
92.96875000E6,-110.7077438338371
93.35937500E6,-107.1069783624925
93.75000000E6,-110.1595568654656
94.14062500E6,-116.1020726264726
94.53125000E6,-118.5901427101927
94.92187500E6,-112.4165214286936
95.31250000E6,-117.2818518046811
95.70312500E6,-105.3535987244264
96.09375000E6,-109.3654020219416
96.48437500E6,-117.2764807572233
96.87500000E6,-108.2631681026560
97.26562500E6,-106.2271882499138
97.65625000E6,-106.4294306883456
98.04687500E6,-106.1110800761673
98.43750000E6,-108.7710118385797
98.82812500E6,-106.5650017201289
99.21875000E6,-107.0974753892316
99.60937500E6,-103.4074150471141
100.0000000E6,-107.2681928994369
100.3906250E6,-106.1053062559928
100.7812500E6,-112.6404005558216
101.1718750E6,-121.4798845683548
101.5625000E6,-107.7383380787654
101.9531250E6,-105.1151384469794
102.3437500E6,-106.2984100005591
102.7343750E6,-107.1423891512920
103.1250000E6,-112.2597295378141
103.5156250E6,-109.7360505865633
103.9062500E6,-112.5071810018776
104.2968750E6,-109.9521334390405
104.6875000E6,-119.0006073597411
105.0781250E6,-114.7375809383687
105.4687500E6,-111.9573049340641
105.8593750E6,-109.1610898347146
106.2500000E6,-109.0975564575266
106.6406250E6,-109.4651518382335
107.0312500E6,-105.3783446476374
107.4218750E6,-104.8090098112777
107.8125000E6,-109.8136357268654
108.2031250E6,-110.9117687682942
108.5937500E6,-127.3901701390962
108.9843750E6,-106.7890108948941
109.3750000E6,-107.2995708730708
109.7656250E6,-115.3539025916987
110.1562500E6,-115.0800611188026
110.5468750E6,-114.6812259604898
110.9375000E6,-109.1998027174405
111.3281250E6,-107.8974321928835
111.7187500E6,-118.9688246497249
112.1093750E6,-106.9876813747296
112.5000000E6,-107.8699628951947
112.8906250E6,-111.1729002116475
113.2812500E6,-112.8019771366250
113.6718750E6,-109.3364662589098
114.0625000E6,-109.3148944298750
114.4531250E6,-113.5740574543875
114.8437500E6,-117.9673644517501
115.2343750E6,-114.1933060492743
115.6250000E6,-119.1244505945800
116.0156250E6,-114.3103428050021
116.4062500E6,-116.9824875302696
116.7968750E6,-119.1867393073183
117.1875000E6,-114.5660606849903
117.5781250E6,-111.0078020790013
117.9687500E6,-109.7580207558251
118.3593750E6,-108.8379421225187
118.7500000E6,-117.4767539819210
119.1406250E6,-114.2174009206874
119.5312500E6,-116.9648116280927
119.9218750E6,-109.8056333143426
120.3125000E6,-107.9743816734269
120.7031250E6,-107.8189655032511
121.0937500E6,-112.9805351218570
121.4843750E6,-122.8517443109821
121.8750000E6,-123.0796689282802
122.2656250E6,-121.5293019688502
122.6562500E6,-106.9249056946714
123.0468750E6,-105.9835408315977
123.4375000E6,-116.3626635522338
123.8281250E6,-114.8628448477407
124.2187500E6,-117.9741894655887
124.6093750E6,-117.1276852026577
125.0000000E6,-108.5203165517685
125.3906250E6,-105.6081577511763
125.7812500E6,-113.9275329961764
126.1718750E6,-107.1677955844629
126.5625000E6,-107.8420739568377
126.9531250E6,-119.2381441919830
127.3437500E6,-120.9846867785174
127.7343750E6,-118.4468558535971
128.1250000E6,-120.9927212341043
128.5156250E6,-107.3378003684168
128.9062500E6,-108.8096770288506
129.2968750E6,-119.5626132299612
129.6875000E6,-121.4840398586877
130.0781250E6,-113.9806806070193
130.4687500E6,-112.7630580281220
130.8593750E6,-124.6579344448866
131.2500000E6,-111.5823188555409
131.6406250E6,-111.6268080405247
132.0312500E6,-113.8575751943015
132.4218750E6,-120.0816274156793
132.8125000E6,-115.5721259840504
133.2031250E6,-110.4436404078669
133.5937500E6,-114.1316979342532
133.9843750E6,-117.2168665844635
134.3750000E6,-123.9430287201707
134.7656250E6,-122.4736299106433
135.1562500E6,-114.2705426795979
135.5468750E6,-110.0588686698654
135.9375000E6,-117.8174348709172
136.3281250E6,-105.3971927083540
136.7187500E6,-106.0486684879751
137.1093750E6,-107.8381114242516
137.5000000E6,-109.1015067910846
137.8906250E6,-118.6212158529481
138.2812500E6,-112.2409978882745
138.6718750E6,-109.3244495292421
139.0625000E6,-114.4765277464396
139.4531250E6,-120.2220243921307
139.8437500E6,-116.4798548590185
140.2343750E6,-123.9334088408451
140.6250000E6,-128.8361101906522
141.0156250E6,-114.5659128538433
141.4062500E6,-119.2374879985648
141.7968750E6,-119.5139681982688
142.1875000E6,-113.9764348193266
142.5781250E6,-112.9008624678610
142.9687500E6,-114.7476664382376
143.3593750E6,-122.4279057863986
143.7500000E6,-121.6677447296074
144.1406250E6,-111.8772818148539
144.5312500E6,-127.2312984809452
144.9218750E6,-110.1001224854198
145.3125000E6,-109.7437623273225
145.7031250E6,-114.4892636342569
146.0937500E6,-122.4708734476066
146.4843750E6,-112.7588983014125
146.8750000E6,-116.8062388737487
147.2656250E6,-117.6932611777882
147.6562500E6,-117.5834689685357
148.0468750E6,-115.4173981068724
148.4375000E6,-114.9030337622499
148.8281250E6,-111.6855013652562
149.2187500E6,-110.8032840502996
149.6093750E6,-113.8146685390618
150.0000000E6,-119.2875965015939
150.3906250E6,-121.0066019359224
150.7812500E6,-121.8344746810216
151.1718750E6,-114.9860218630213
151.5625000E6,-118.1405579652711
151.9531250E6,-118.9769283981222
152.3437500E6,-121.6922206715113
152.7343750E6,-115.5929061683980
153.1250000E6,-118.2653332686427
153.5156250E6,-113.4703069246498
153.9062500E6,-116.1094559016258
154.2968750E6,-121.0062792629068
154.6875000E6,-123.1596647905487
155.0781250E6,-117.8704060373235
155.4687500E6,-116.9860218232996
155.8593750E6,-115.0043529470153
156.2500000E6,-111.4761907384510
156.6406250E6,-110.2351773243361
157.0312500E6,-113.7524204074207
157.4218750E6,-115.3357408817728
157.8125000E6,-115.1590538634438
158.2031250E6,-114.6845494492960
158.5937500E6,-119.5478970415177
158.9843750E6,-121.6772496789045
159.3750000E6,-132.9990962762974
159.7656250E6,-111.4263829050402
160.1562500E6,-113.1449912133338
160.5468750E6,-123.7689277373599
160.9375000E6,-118.6038147260260
161.3281250E6,-114.7295027905394
161.7187500E6,-112.4464731774800
162.1093750E6,-113.6872042180661
162.5000000E6,-114.9140185854897
162.8906250E6,-117.9498001151099
163.2812500E6,-118.4197542809698
163.6718750E6,-120.5651329864870
164.0625000E6,-135.5325743819494
164.4531250E6,-122.3060465238629
164.8437500E6,-122.5294358855059
165.2343750E6,-131.0411129540245
165.6250000E6,-118.1566126259535
166.0156250E6,-114.6521564830900
166.4062500E6,-125.1292518265763
166.7968750E6,-132.4787613221957
167.1875000E6,-128.2769108908629
167.5781250E6,-121.7508110352301
167.9687500E6,-120.4291408316224
168.3593750E6,-119.4165739266118
168.7500000E6,-120.1562782852443
169.1406250E6,-129.0255974216419
169.5312500E6,-119.7687787608232
169.9218750E6,-113.3272706682486
170.3125000E6,-115.1626458270956
170.7031250E6,-123.3859107947436
171.0937500E6,-131.6070275082787
171.4843750E6,-126.6162854475414
171.8750000E6,-117.2716591269238
172.2656250E6,-111.7670511870431
172.6562500E6,-113.6524890045005
173.0468750E6,-132.4619353364366
173.4375000E6,-116.9023957466028
173.8281250E6,-114.8127710832787
174.2187500E6,-115.5768037978483
174.6093750E6,-117.9438845219969
175.0000000E6,-118.1565745036029
175.3906250E6,-112.7871069269050
175.7812500E6,-115.7105455284497
176.1718750E6,-119.5933479224202
176.5625000E6,-118.4895518017039
176.9531250E6,-114.8418838534972
177.3437500E6,-113.0211326588806
177.7343750E6,-116.3716745653834
178.1250000E6,-113.4869883743733
178.5156250E6,-117.7423011989369
178.9062500E6,-143.8768146435320
179.2968750E6,-121.5606465137398
179.6875000E6,-141.1563190619546
180.0781250E6,-126.4385645121539
180.4687500E6,-123.1674671401447
180.8593750E6,-129.1925095318362
181.2500000E6,-126.1964671813608
181.6406250E6,-119.1423472247130
182.0312500E6,-119.2253868282850
182.4218750E6,-122.1669027638814
182.8125000E6,-120.0652611286487
183.2031250E6,-121.7624125047209
183.5937500E6,-126.3817131954540
183.9843750E6,-126.7131554167235
184.3750000E6,-122.8085695562077
184.7656250E6,-124.3777403026547
185.1562500E6,-140.5672059154226
185.5468750E6,-125.7771331649574
185.9375000E6,-119.1243514742601
186.3281250E6,-116.5217459190030
186.7187500E6,-120.9099405957269
187.1093750E6,-119.7821018309377
187.5000000E6,-123.5108823713899
187.8906250E6,-125.2973888422359
188.2812500E6,-123.9347294258166
188.6718750E6,-119.1542678440624
189.0625000E6,-114.2297131098282
189.4531250E6,-116.5047823077332
189.8437500E6,-120.9913173855762
190.2343750E6,-132.4579991168409
190.6250000E6,-124.5850671511944
191.0156250E6,-124.0377786506340
191.4062500E6,-116.3095887843390
191.7968750E6,-109.1478862119553
192.1875000E6,-114.4421260445439
192.5781250E6,-118.6914395394679
192.9687500E6,-121.5441956976711
193.3593750E6,-119.4927802423266
193.7500000E6,-120.0778537656919
194.1406250E6,-106.2102489697069
194.5312500E6,-100.0926409268450
194.9218750E6,-105.7979999628674
195.3125000E6,-121.1724496292424
195.7031250E6,-121.0770895408444
196.0937500E6,-128.7038007725091
196.4843750E6,-139.9852631890234
196.8750000E6,-65.12022640075442
197.2656250E6,-59.10284838761168
197.6562500E6,-65.12447715163104
198.0468750E6,-128.9716679104794
198.4375000E6,-126.0823425935062
198.8281250E6,-133.9335109223594
199.2187500E6,-121.8426283660630
199.6093750E6,-100.7396477817144
200.0000000E6,-95.18488292230988
200.3906250E6,-100.9263611639456
200.7812500E6,-121.2145371985035
201.1718750E6,-121.7161116678668
201.5625000E6,-125.6867771688404
201.9531250E6,-117.7699402081861
202.3437500E6,-65.57218125680234
202.7343750E6,-59.54453780953230
203.1250000E6,-65.56692086052195
203.5156250E6,-123.9003384801950
203.9062500E6,-126.1521438988488
204.2968750E6,-123.7384798529050
204.6875000E6,-118.7708492947948
205.0781250E6,-111.3303353856803
205.4687500E6,-105.5280697185634
205.8593750E6,-112.0725296187206
206.2500000E6,-123.8274643382797
206.6406250E6,-123.8983340311384
207.0312500E6,-132.0613283068279
207.4218750E6,-124.7980937245540
207.8125000E6,-114.5973632741885
208.2031250E6,-108.5437734701961
208.5937500E6,-113.4162537509085
208.9843750E6,-140.5783073997942
209.3750000E6,-126.1911884979009
209.7656250E6,-134.3594774315674
210.1562500E6,-125.9301737414427
210.5468750E6,-117.8440840398945
210.9375000E6,-115.1437632243712
211.3281250E6,-119.3984309803270
211.7187500E6,-122.2643844565104
212.1093750E6,-130.7206492975448
212.5000000E6,-123.0383781174534
212.8906250E6,-120.8302465273808
213.2812500E6,-118.8118192450521
213.6718750E6,-115.7741554784575
214.0625000E6,-118.8171308671963
214.4531250E6,-119.1752701904858
214.8437500E6,-123.2648241433348
215.2343750E6,-127.6452370491326
215.6250000E6,-126.7644396797391
216.0156250E6,-132.3339850479822
216.4062500E6,-126.0583843281852
216.7968750E6,-133.5837702841358
217.1875000E6,-131.4488541125468
217.5781250E6,-134.1426163836208
217.9687500E6,-122.2681050418238
218.3593750E6,-118.8204141481109
218.7500000E6,-118.1601256153993
219.1406250E6,-117.5759747393733
219.5312500E6,-121.0514182231414
219.9218750E6,-129.7416566497352
220.3125000E6,-127.9550240626022
220.7031250E6,-121.5096045336105
221.0937500E6,-124.6074067741345
221.4843750E6,-119.6560478192575
221.8750000E6,-114.1676392833140
222.2656250E6,-119.4728280888189
222.6562500E6,-131.5289578392663
223.0468750E6,-128.7290484408214
223.4375000E6,-123.4107341733390
223.8281250E6,-125.3071426754586
224.2187500E6,-137.4862189274654
224.6093750E6,-122.8743907426386
225.0000000E6,-122.8558595778003
225.3906250E6,-119.8444098536906
225.7812500E6,-117.5971989005796
226.1718750E6,-119.6648974290762
226.5625000E6,-122.4580041101155
226.9531250E6,-118.7968716062035
227.3437500E6,-115.0530600454339
227.7343750E6,-120.4095072893432
228.1250000E6,-122.4274035560322
228.5156250E6,-118.7453492848205
228.9062500E6,-125.3362336696194
229.2968750E6,-127.2316918121572
229.6875000E6,-116.9385965911397
230.0781250E6,-117.1990735656711
230.4687500E6,-126.8069786285539
230.8593750E6,-127.1563793086794
231.2500000E6,-136.9085302691335
231.6406250E6,-137.1697409501083
232.0312500E6,-130.3643199361008
232.4218750E6,-123.7251290200089
232.8125000E6,-123.8500647212265
233.2031250E6,-125.1140133949449
233.5937500E6,-125.9332018837435
233.9843750E6,-124.1866212057152
234.3750000E6,-125.4236690084255
234.7656250E6,-119.6021438630215
235.1562500E6,-123.4583377443979
235.5468750E6,-116.8579273148321
235.9375000E6,-119.3325176696287
236.3281250E6,-129.0425478834222
236.7187500E6,-124.5299970252442
237.1093750E6,-121.5438446011477
237.5000000E6,-133.5277189640787
237.8906250E6,-138.1414444660386
238.2812500E6,-120.3683368377515
238.6718750E6,-124.6464782674287
239.0625000E6,-124.9739429628314
239.4531250E6,-120.1907058382247
239.8437500E6,-118.9497508119641
240.2343750E6,-115.4750489092124
240.6250000E6,-116.4260714554109
241.0156250E6,-117.3236553326193
241.4062500E6,-122.8226630014879
241.7968750E6,-122.3215848372253
242.1875000E6,-122.9073263745871
242.5781250E6,-140.7970610130515
242.9687500E6,-128.8653848750968
243.3593750E6,-118.1138360692538
243.7500000E6,-115.7806437418691
244.1406250E6,-125.1993412566659
244.5312500E6,-123.5814553966570
244.9218750E6,-124.5420808956020
245.3125000E6,-127.9835287143515
245.7031250E6,-123.8533262237687
246.0937500E6,-116.0063348065774
246.4843750E6,-113.4273987515059
246.8750000E6,-119.3539272950361
247.2656250E6,-118.6693044634740
247.6562500E6,-134.7467181355407
248.0468750E6,-124.2907035936570
248.4375000E6,-132.8838435825754
248.8281250E6,-118.1659908226152
249.2187500E6,-124.1596402779356
249.6093750E6,-118.2536380470433
250.0000000E6,-119.5072483517612
250.3906250E6,-148.5059262009955
250.7812500E6,-127.3369056257886
251.1718750E6,-123.4803772574883
251.5625000E6,-117.5444536195504
251.9531250E6,-113.7868122338949
252.3437500E6,-115.9163856094633
252.7343750E6,-121.3411197273991
253.1250000E6,-118.8033553161815
253.5156250E6,-117.4572295049451
253.9062500E6,-119.1901364482146
254.2968750E6,-130.8765296980053
254.6875000E6,-120.6326793329906
255.0781250E6,-120.4289889993551
255.4687500E6,-134.3854172153046
255.8593750E6,-123.2859512630760
256.2500000E6,-126.4085362272652
256.6406250E6,-124.1473893517215
257.0312500E6,-123.8113937191622
257.4218750E6,-128.8809357273239
257.8125000E6,-117.1883918057769
258.2031250E6,-114.5869486656462
258.5937500E6,-122.5271733167241
258.9843750E6,-126.0898141728540
259.3750000E6,-125.3258451087794
259.7656250E6,-124.1412632879127
260.1562500E6,-129.5385527040537
260.5468750E6,-114.1091056031926
260.9375000E6,-116.1130471517473
261.3281250E6,-114.4793289623002
261.7187500E6,-134.8661868954219
262.1093750E6,-125.6088884733842
262.5000000E6,-124.5534983364251
262.8906250E6,-121.4103578927747
263.2812500E6,-119.3942800313901
263.6718750E6,-117.9271359452894
264.0625000E6,-120.2359477998661
264.4531250E6,-122.2318514207551
264.8437500E6,-124.6567619818698
265.2343750E6,-114.4640115799874
265.6250000E6,-113.6709308453985
266.0156250E6,-113.1484283228819
266.4062500E6,-117.8415445965329
266.7968750E6,-115.5571640239449
267.1875000E6,-117.1830838054237
267.5781250E6,-125.9860655822713
267.9687500E6,-121.0452149676574
268.3593750E6,-114.4509662187823
268.7500000E6,-111.7384952101536
269.1406250E6,-117.2529253407410
269.5312500E6,-119.9042318066067
269.9218750E6,-119.8485781375048
270.3125000E6,-126.1350421630994
270.7031250E6,-119.5904968227659
271.0937500E6,-114.3940523319605
271.4843750E6,-114.9716110193734
271.8750000E6,-132.6798540434978
272.2656250E6,-122.0905931559346
272.6562500E6,-124.9310203977715
273.0468750E6,-121.8042335842279
273.4375000E6,-113.6674011161455
273.8281250E6,-109.8252497574349
274.2187500E6,-111.9905145633302
274.6093750E6,-131.4430489328654
275.0000000E6,-119.5186862509385
275.3906250E6,-123.1128390292995
275.7812500E6,-130.2349696787766
276.1718750E6,-132.7051970514609
276.5625000E6,-134.4003904081850
276.9531250E6,-120.9558847999921
277.3437500E6,-118.9663896200546
277.7343750E6,-123.0618267391700
278.1250000E6,-138.0240963432302
278.5156250E6,-128.3961746352236
278.9062500E6,-118.2104887041259
279.2968750E6,-117.5522831983994
279.6875000E6,-119.1181472248513
280.0781250E6,-120.2902462980155
280.4687500E6,-122.0789629933441
280.8593750E6,-121.7518502269301
281.2500000E6,-117.2934660742791
281.6406250E6,-113.7658227315358
282.0312500E6,-119.5214188108106
282.4218750E6,-123.4895393917182
282.8125000E6,-127.4594823741795
283.2031250E6,-125.6103714633513
283.5937500E6,-126.8907274298140
283.9843750E6,-128.7094201804533
284.3750000E6,-129.1763771827726
284.7656250E6,-125.4699760419750
285.1562500E6,-121.5890806353472
285.5468750E6,-122.5300213202964
285.9375000E6,-119.6294542252193
286.3281250E6,-136.9419388681630
286.7187500E6,-124.9914305253686
287.1093750E6,-130.0364234938567
287.5000000E6,-123.2567716603144
287.8906250E6,-113.6652697027084
288.2812500E6,-114.7600359967145
288.6718750E6,-117.5017091970308
289.0625000E6,-130.4455379821377
289.4531250E6,-120.3807227408141
289.8437500E6,-121.3188196795717
290.2343750E6,-116.7904225274461
290.6250000E6,-115.9005833808121
291.0156250E6,-124.5168167690942
291.4062500E6,-121.6105771212422
291.7968750E6,-120.8886372406523
292.1875000E6,-119.6442034273385
292.5781250E6,-114.8269140548678
292.9687500E6,-113.1256480281761
293.3593750E6,-117.1072087418244
293.7500000E6,-125.8481473450443
294.1406250E6,-124.8675077054027
294.5312500E6,-124.6369552851044
294.9218750E6,-123.9555411139842
295.3125000E6,-122.8822367242989
295.7031250E6,-116.1373151791863
296.0937500E6,-114.5376994871372
296.4843750E6,-126.6986758512709
296.8750000E6,-121.9059669038676
297.2656250E6,-119.0869973711060
297.6562500E6,-116.1666796499529
298.0468750E6,-116.8663415237059
298.4375000E6,-115.0517678005229
298.8281250E6,-112.7952169279708
299.2187500E6,-115.3598581083180
299.6093750E6,-117.2543956806948
300.0000000E6,-122.3351377304174
300.3906250E6,-119.2610162112872
300.7812500E6,-123.5291405864156
301.1718750E6,-113.9663529616869
301.5625000E6,-112.3105442179390
301.9531250E6,-114.8575061326088
302.3437500E6,-118.5446467944218
302.7343750E6,-119.9639521722414
303.1250000E6,-125.8229857035324
303.5156250E6,-120.3327673735218
303.9062500E6,-115.8851004437467
304.2968750E6,-119.9256426769325
304.6875000E6,-128.7437946131033
305.0781250E6,-130.5375109751488
305.4687500E6,-125.1113052182549
305.8593750E6,-122.6232063027055
306.2500000E6,-120.6310740251710
306.6406250E6,-115.4533867603904
307.0312500E6,-111.2603636414155
307.4218750E6,-111.9063761845965
307.8125000E6,-116.7620082637128
308.2031250E6,-118.9511869109137
308.5937500E6,-126.3922923320533
308.9843750E6,-115.6232530243237
309.3750000E6,-114.2297023472506
309.7656250E6,-119.5405465409314
310.1562500E6,-123.8856298331625
310.5468750E6,-125.8441458783674
310.9375000E6,-124.1851346686817
311.3281250E6,-121.3652156195854
311.7187500E6,-118.4833213330674
312.1093750E6,-113.3410929472296
312.5000000E6,-117.4901069332721
312.8906250E6,-120.6039270355545
313.2812500E6,-122.8859670189847
313.6718750E6,-122.1316550498729
314.0625000E6,-120.4944130025148
314.4531250E6,-134.3075155037524
314.8437500E6,-127.4579082227398
315.2343750E6,-125.7701346755778
315.6250000E6,-121.9534450524322
316.0156250E6,-133.1432742478598
316.4062500E6,-132.1433203428548
316.7968750E6,-145.1053238581173
317.1875000E6,-124.0679634198524
317.5781250E6,-120.6423496183907
317.9687500E6,-116.9578578911738
318.3593750E6,-116.8688882449363
318.7500000E6,-127.5892644874025
319.1406250E6,-134.6546369640135
319.5312500E6,-124.5861156011620
319.9218750E6,-119.8321443757706
320.3125000E6,-121.3136079050928
320.7031250E6,-121.8434713960965
321.0937500E6,-119.9997750916414
321.4843750E6,-123.9829483447242
321.8750000E6,-132.9413860605234
322.2656250E6,-128.1433696775807
322.6562500E6,-116.7064048155145
323.0468750E6,-116.8257329317761
323.4375000E6,-129.8960069985585
323.8281250E6,-122.2141999284842
324.2187500E6,-124.5240019189856
324.6093750E6,-125.8291797513434
325.0000000E6,-119.9677292080669
325.3906250E6,-119.3033828389666
325.7812500E6,-116.0609327880363
326.1718750E6,-113.0390501795118
326.5625000E6,-113.7902433941894
326.9531250E6,-121.3365206385368
327.3437500E6,-138.0854513397458
327.7343750E6,-122.1803794089200
328.1250000E6,-123.7235421973398
328.5156250E6,-113.4141878635608
328.9062500E6,-114.4094065263835
329.2968750E6,-126.4462710017607
329.6875000E6,-131.2881963817325
330.0781250E6,-127.9709458485067
330.4687500E6,-121.2256451949366
330.8593750E6,-125.0168502449567
331.2500000E6,-116.5694744400592
331.6406250E6,-116.1397006927490
332.0312500E6,-119.7501205745532
332.4218750E6,-132.9800493512579
332.8125000E6,-143.0465846192657
333.2031250E6,-122.9686917256703
333.5937500E6,-127.4243510322267
333.9843750E6,-116.0627583437537
334.3750000E6,-118.4559137992676
334.7656250E6,-120.5554710789766
335.1562500E6,-134.6647389148260
335.5468750E6,-118.8649972137461
335.9375000E6,-123.7763566054229
336.3281250E6,-117.2376895927827
336.7187500E6,-116.2708611534727
337.1093750E6,-116.5136891044798
337.5000000E6,-117.4165237914384
337.8906250E6,-121.4567391317009
338.2812500E6,-129.1150147052970
338.6718750E6,-121.3020620039734
339.0625000E6,-120.3000110504508
339.4531250E6,-123.0105349716370
339.8437500E6,-123.1438937688463
340.2343750E6,-133.7938272123748
340.6250000E6,-132.5503423834752
341.0156250E6,-124.5372953383320
341.4062500E6,-129.6009116705835
341.7968750E6,-122.9551579646595
342.1875000E6,-119.6774473810803
342.5781250E6,-120.7170766672560
342.9687500E6,-121.2539106039542
343.3593750E6,-127.2726777228219
343.7500000E6,-127.2576668217504
344.1406250E6,-121.5192588598813
344.5312500E6,-128.5482021567374
344.9218750E6,-121.1693628666202
345.3125000E6,-117.2753220246883
345.7031250E6,-121.6599269507508
346.0937500E6,-134.1395189603380
346.4843750E6,-123.3519798981412
346.8750000E6,-124.3507846940391
347.2656250E6,-123.1265622052644
347.6562500E6,-122.0698315116102
348.0468750E6,-123.4843978925116
348.4375000E6,-121.6277095665331
348.8281250E6,-119.3664486688064
349.2187500E6,-120.4070436124183
349.6093750E6,-122.8594961190147
350.0000000E6,-132.9941667771089
350.3906250E6,-124.7779460876887
350.7812500E6,-123.5641026706726
351.1718750E6,-126.5892205429217
351.5625000E6,-137.7439715984129
351.9531250E6,-128.9926676951500
352.3437500E6,-123.3415828571256
352.7343750E6,-122.9123705506844
353.1250000E6,-124.8458432009183
353.5156250E6,-116.7521695298681
353.9062500E6,-119.8374106590803
354.2968750E6,-133.4509370409709
354.6875000E6,-125.4559944387840
355.0781250E6,-123.7785809616129
355.4687500E6,-126.7511009219780
355.8593750E6,-123.2077354389900
356.2500000E6,-116.5631940362688
356.6406250E6,-116.9103176262669
357.0312500E6,-127.8240101381427
357.4218750E6,-134.2239880949994
357.8125000E6,-123.2706695603875
358.2031250E6,-120.2879694802113
358.5937500E6,-123.9709227239044
358.9843750E6,-125.5263983084690
359.3750000E6,-125.3932025775637
359.7656250E6,-129.0591933136212
360.1562500E6,-130.1381052978752
360.5468750E6,-132.0686374742703
360.9375000E6,-132.8348314672647
361.3281250E6,-123.1324664926608
361.7187500E6,-117.1724287188349
362.1093750E6,-124.4288736327982
362.5000000E6,-133.9407005641523
362.8906250E6,-128.6891182029103
363.2812500E6,-127.3090487135603
363.6718750E6,-125.8582689663906
364.0625000E6,-133.2658120882098
364.4531250E6,-130.4988509867294
364.8437500E6,-125.7992858293547
365.2343750E6,-123.4519269405281
365.6250000E6,-131.5677521454212
366.0156250E6,-135.0624573145783
366.4062500E6,-149.1083668147926
366.7968750E6,-153.4759331082448
367.1875000E6,-130.3067367696375
367.5781250E6,-131.3198352857922
367.9687500E6,-128.1037343136080
368.3593750E6,-126.3688835156574
368.7500000E6,-128.5140960925961
369.1406250E6,-137.0842754288587
369.5312500E6,-128.7443868567404
369.9218750E6,-126.2779708172569
370.3125000E6,-123.3759938396268
370.7031250E6,-126.2640934641047
371.0937500E6,-130.2690521069709
371.4843750E6,-130.5689226489328
371.8750000E6,-133.3233586518366
372.2656250E6,-121.8447862564157
372.6562500E6,-118.0700335629630
373.0468750E6,-135.6177230149284
373.4375000E6,-123.7986897705630
373.8281250E6,-125.4261873367037
374.2187500E6,-123.5636516070198
374.6093750E6,-123.0058430145526
375.0000000E6,-133.7552119991130
375.3906250E6,-124.1515057013197
375.7812500E6,-124.6616793798794
376.1718750E6,-127.2578632691858
376.5625000E6,-126.4101952529794
376.9531250E6,-129.5029148807298
377.3437500E6,-128.7959666430567
377.7343750E6,-122.1586568833253
378.1250000E6,-118.0883609857313
378.5156250E6,-122.5141593531538
378.9062500E6,-133.4388384575913
379.2968750E6,-136.2513005757797
379.6875000E6,-135.6255803939005
380.0781250E6,-128.9832230361858
380.4687500E6,-135.6502920574087
380.8593750E6,-148.0721479811776
381.2500000E6,-134.5909076238349
381.6406250E6,-128.6240050502548
382.0312500E6,-129.8528254936857
382.4218750E6,-131.3360061613293
382.8125000E6,-130.1779351035475
383.2031250E6,-136.4967063241511
383.5937500E6,-125.9155931292576
383.9843750E6,-125.0480873014398
384.3750000E6,-142.6927164403297
384.7656250E6,-133.7864511462533
385.1562500E6,-130.8052522449928
385.5468750E6,-126.9202442331915
385.9375000E6,-123.4351545657466
386.3281250E6,-120.1175395772651
386.7187500E6,-124.2552290749973
387.1093750E6,-130.9400232856293
387.5000000E6,-130.5381392498257
387.8906250E6,-130.7481535443110
388.2812500E6,-131.8253991744781
388.6718750E6,-124.9415768896150
389.0625000E6,-119.9960039365102
389.4531250E6,-125.7377675523316
389.8437500E6,-142.4225581562412
390.2343750E6,-128.8659193398837
390.6250000E6,-126.1155580684372
391.0156250E6,-131.1904469147897
391.4062500E6,-120.3151528235927
391.7968750E6,-114.3894210653104
392.1875000E6,-121.4360841644587
392.5781250E6,-130.4729945627643
392.9687500E6,-126.0556154089260
393.3593750E6,-125.1353140455138
393.7500000E6,-125.2305971442307
394.1406250E6,-111.1761025426091
394.5312500E6,-105.5139588667249
394.9218750E6,-111.3336728023518
395.3125000E6,-142.9566726672042
395.7031250E6,-140.0761355081034
396.0937500E6,-138.6841935166181
396.4843750E6,-134.9585249745067
396.8750000E6,-77.04494656575817
397.2656250E6,-71.02187488709686
397.6562500E6,-77.03798412316488
398.0468750E6,-139.2305924551085
398.4375000E6,-133.9455156735520
398.8281250E6,-134.2340309430214
399.2187500E6,-131.2232578055757
399.6093750E6,-104.7626342773176
400.0000000E6,-98.85125520155167
400.3906250E6,-104.8415093749271
400.7812500E6,-142.0548905043835
401.1718750E6,-136.9876439990742
401.5625000E6,-144.4270840774366
401.9531250E6,-130.5771521030660
402.3437500E6,-77.33981477245499
402.7343750E6,-71.31325149376316
403.1250000E6,-77.33141006223988
403.5156250E6,-131.3850659275564
403.9062500E6,-133.2038134598645
404.2968750E6,-134.0267313562718
404.6875000E6,-132.5960265113222
405.0781250E6,-113.2856801363860
405.4687500E6,-107.9327747195357
405.8593750E6,-114.1666473464680
406.2500000E6,-135.8600514874903
406.6406250E6,-135.5403271953162
407.0312500E6,-154.0449639317355
407.4218750E6,-134.7089054572935
407.8125000E6,-121.1783522430291
408.2031250E6,-113.1529938824410
408.5937500E6,-117.7592514698414
408.9843750E6,-132.0893315318480
409.3750000E6,-132.8409153798448
409.7656250E6,-130.4710095737254
410.1562500E6,-141.8244112735031
410.5468750E6,-124.0115953796395
410.9375000E6,-120.1292583868589
411.3281250E6,-126.9196743437630
411.7187500E6,-128.3418254656761
412.1093750E6,-127.1082407513046
412.5000000E6,-135.1682311144615
412.8906250E6,-137.8650298064179
413.2812500E6,-124.4915644987437
413.6718750E6,-119.6392078404895
414.0625000E6,-126.0901242299929
414.4531250E6,-130.3449597806583
414.8437500E6,-134.2814489594453
415.2343750E6,-128.8686146897551
415.6250000E6,-136.4401106706974
416.0156250E6,-127.2218834167518
416.4062500E6,-131.2763743044241
416.7968750E6,-131.8905836326920
417.1875000E6,-133.1697292342379
417.5781250E6,-131.6607682785011
417.9687500E6,-133.4617499059005
418.3593750E6,-126.4642396273452
418.7500000E6,-126.6358211051382
419.1406250E6,-123.1957403135341
419.5312500E6,-125.8755795397893
419.9218750E6,-133.6089054584887
420.3125000E6,-136.1879642302211
420.7031250E6,-131.3032349370001
421.0937500E6,-135.7351450521519
421.4843750E6,-124.7168197867798
421.8750000E6,-118.3376562572788
422.2656250E6,-123.8479431721668
422.6562500E6,-137.1050575371492
423.0468750E6,-136.1243005881639
423.4375000E6,-128.4648292033376
423.8281250E6,-130.6722295127768
424.2187500E6,-127.8019505051963
424.6093750E6,-130.2537894790012
425.0000000E6,-130.7807200692731
425.3906250E6,-128.6493806361645
425.7812500E6,-127.7724677349358
426.1718750E6,-128.9524077654664
426.5625000E6,-131.6788192646257
426.9531250E6,-130.5700772305141
427.3437500E6,-120.7527907110990
427.7343750E6,-125.1718582860569
428.1250000E6,-131.7965760876319
428.5156250E6,-127.4933324612910
428.9062500E6,-129.8482438745602
429.2968750E6,-131.2640642595402
429.6875000E6,-126.0365973547073
430.0781250E6,-125.9488973652383
430.4687500E6,-137.6449155572817
430.8593750E6,-149.6227709254189
431.2500000E6,-132.7752915074231
431.6406250E6,-130.5412035683679
432.0312500E6,-130.6735063307190
432.4218750E6,-128.0938493268902
432.8125000E6,-124.0836561996974
433.2031250E6,-129.8937368865873
433.5937500E6,-133.4364060728409
433.9843750E6,-125.8959633696580
434.3750000E6,-131.3554693589980
434.7656250E6,-129.7334953395146
435.1562500E6,-136.1630640684061
435.5468750E6,-130.1316594990863
435.9375000E6,-133.3203894134953
436.3281250E6,-134.5008101749177
436.7187500E6,-130.6621456271959
437.1093750E6,-131.0265208448714
437.5000000E6,-137.7598002284842
437.8906250E6,-126.5760408151954
438.2812500E6,-120.4789204735804
438.6718750E6,-125.3147248285892
439.0625000E6,-127.5444573527414
439.4531250E6,-127.7381710455819
439.8437500E6,-127.8384986248864
440.2343750E6,-127.8676353367447
440.6250000E6,-122.2351805547284
441.0156250E6,-123.4802239402136
441.4062500E6,-132.3197006529929
441.7968750E6,-130.7366387802812
442.1875000E6,-133.9688390549899
442.5781250E6,-136.7177074949166
442.9687500E6,-132.3204847408022
443.3593750E6,-119.7430446693208
443.7500000E6,-118.4852731950134
444.1406250E6,-138.3895246938122
444.5312500E6,-130.3843890996043
444.9218750E6,-136.1468606863020
445.3125000E6,-141.8357035157626
445.7031250E6,-128.2965402592250
446.0937500E6,-122.5104626182801
446.4843750E6,-120.5821980431163
446.8750000E6,-126.9877336711666
447.2656250E6,-123.1115507805688
447.6562500E6,-132.9364849430390
448.0468750E6,-130.7747657600725
448.4375000E6,-130.1400669426050
448.8281250E6,-122.6455187219576
449.2187500E6,-124.7124946796503
449.6093750E6,-131.1746921218775
450.0000000E6,-130.1590280027896
450.3906250E6,-130.1735292454199
450.7812500E6,-126.4518730045265
451.1718750E6,-126.9149176339631
451.5625000E6,-127.4733329271126
451.9531250E6,-120.2911143784110
452.3437500E6,-119.4030287302349
452.7343750E6,-124.3290998979366
453.1250000E6,-124.5478282292754
453.5156250E6,-123.3917682390867
453.9062500E6,-127.2532972223172
454.2968750E6,-132.1467786522511
454.6875000E6,-122.0514731614128
455.0781250E6,-125.7047561135888
455.4687500E6,-136.9304373804866
455.8593750E6,-132.1461994871547
456.2500000E6,-141.8751967272831
456.6406250E6,-129.6812148019662
457.0312500E6,-129.1291582725881
457.4218750E6,-128.6817401045383
457.8125000E6,-120.9085783062203
458.2031250E6,-125.2154217957806
458.5937500E6,-128.3966914028513
458.9843750E6,-123.8489976550107
459.3750000E6,-132.0871795078922
459.7656250E6,-132.6798063821019
460.1562500E6,-123.8364169127484
460.5468750E6,-120.3941492206424
460.9375000E6,-124.4345757294414
461.3281250E6,-125.5329003138931
461.7187500E6,-140.5405728523499
462.1093750E6,-134.3928597957259
462.5000000E6,-122.3502901259661
462.8906250E6,-121.3538030864373
463.2812500E6,-120.7724321122937
463.6718750E6,-121.5468709593718
464.0625000E6,-127.5920132866634
464.4531250E6,-121.6984974867168
464.8437500E6,-127.2263858059543
465.2343750E6,-119.8176451193575
465.6250000E6,-117.3311985895883
466.0156250E6,-116.3672783156447
466.4062500E6,-127.9681955164985
466.7968750E6,-122.8078416687963
467.1875000E6,-131.2321100865047
467.5781250E6,-135.8378098380037
467.9687500E6,-124.0742739894397
468.3593750E6,-116.8855955287702
468.7500000E6,-115.2045568688405
469.1406250E6,-124.9689109066791
469.5312500E6,-121.4405382447366
469.9218750E6,-121.2584085512571
470.3125000E6,-138.9573223919075
470.7031250E6,-125.0283566073536
471.0937500E6,-117.5473696029668
471.4843750E6,-116.2995348840210
471.8750000E6,-127.8729890100647
472.2656250E6,-130.6462832351191
472.6562500E6,-135.1364479657768
473.0468750E6,-126.0439449340825
473.4375000E6,-118.1578523978403
473.8281250E6,-115.2364340037204
474.2187500E6,-115.0409867553251
474.6093750E6,-123.2094787447721
475.0000000E6,-125.1768630911278
475.3906250E6,-133.6191454137451
475.7812500E6,-128.9104997062187
476.1718750E6,-128.0193831879450
476.5625000E6,-125.8051663886775
476.9531250E6,-122.1804623495481
477.3437500E6,-121.0683527697747
477.7343750E6,-131.6300714442240
478.1250000E6,-132.9652453614088
478.5156250E6,-126.9811048568869
478.9062500E6,-121.6974139621892
479.2968750E6,-123.0170506201410
479.6875000E6,-124.2405374288978
480.0781250E6,-124.1663922991660
480.4687500E6,-128.4075848072081
480.8593750E6,-133.6484733098734
481.2500000E6,-124.5192129372744
481.6406250E6,-117.7576320953983
482.0312500E6,-121.2850601213414
482.4218750E6,-129.3472946879447
482.8125000E6,-129.5758730310822
483.2031250E6,-130.1465217527677
483.5937500E6,-126.9677132527501
483.9843750E6,-127.9420352214903
484.3750000E6,-125.1716791624286
484.7656250E6,-138.1068487320174
485.1562500E6,-123.7517050549647
485.5468750E6,-135.4750968541913
485.9375000E6,-123.1402754431820
486.3281250E6,-132.8877009792233
486.7187500E6,-133.0515498337361
487.1093750E6,-128.3736086046299
487.5000000E6,-119.7379127384590
487.8906250E6,-114.5991845165060
488.2812500E6,-118.9486429967981
488.6718750E6,-123.3165103438965
489.0625000E6,-129.4517869467593
489.4531250E6,-128.8426117312442
489.8437500E6,-124.5663198672567
490.2343750E6,-119.4376200422958
490.6250000E6,-118.2222738027663
491.0156250E6,-126.0381764339409
491.4062500E6,-127.4777656982984
491.7968750E6,-128.4738771171544
492.1875000E6,-125.0112437820506
492.5781250E6,-119.1815698603195
492.9687500E6,-116.8503004903115
493.3593750E6,-121.1355971014567
493.7500000E6,-129.6230130514688
494.1406250E6,-130.4761332658204
494.5312500E6,-129.3771297718822
494.9218750E6,-129.4242519416011
495.3125000E6,-141.3361616734749
495.7031250E6,-121.9064574282210
496.0937500E6,-118.4822070694669
496.4843750E6,-127.2875007801592
496.8750000E6,-128.5818245354811
497.2656250E6,-124.2691710372412
497.6562500E6,-122.4732441171561
498.0468750E6,-121.6170681025912
498.4375000E6,-116.6630403092550
498.8281250E6,-116.6823339993248
499.2187500E6,-121.5891601081447
499.6093750E6,-123.5846761876682
500.0000000E6,-132.4072822723647
500.3906250E6,-124.7475975515867
500.7812500E6,-126.2928060078583
501.1718750E6,-119.5356126524986
501.5625000E6,-118.0744432250311
501.9531250E6,-121.6368474030701
502.3437500E6,-122.6758514741302
502.7343750E6,-125.6146495351690
503.1250000E6,-137.0421932076166
503.5156250E6,-124.4660846876437
503.9062500E6,-119.6613351263758
504.2968750E6,-124.2705567399160
504.6875000E6,-141.9910230963683
505.0781250E6,-144.7539732593317
505.4687500E6,-136.6797064404245
505.8593750E6,-127.0214384556225
506.2500000E6,-124.7808079516559
506.6406250E6,-119.6841026347932
507.0312500E6,-115.3331616600989
507.4218750E6,-116.6140247925582
507.8125000E6,-123.3550833217750
508.2031250E6,-124.9151195249613
508.5937500E6,-126.7468987181618
508.9843750E6,-120.7435743267202
509.3750000E6,-116.5818000933549
509.7656250E6,-120.5422219870953
510.1562500E6,-128.1403809980630
510.5468750E6,-126.9117578598853
510.9375000E6,-125.9828979458251
511.3281250E6,-123.8334643070526
511.7187500E6,-121.2558479137515
512.1093750E6,-117.2062189769852
512.5000000E6,-122.3657266434725
512.8906250E6,-127.7724846516936
513.2812500E6,-129.9759895860475
513.6718750E6,-135.0028734220618
514.0625000E6,-126.2524629871195
514.4531250E6,-147.2839700778761
514.8437500E6,-127.2201341928873
515.2343750E6,-130.0011105651290
515.6250000E6,-128.6203950976592
516.0156250E6,-127.3697717431534
516.4062500E6,-126.2081095592770
516.7968750E6,-129.0714920855270
517.1875000E6,-125.3415755054824
517.5781250E6,-127.4499837832400
517.9687500E6,-124.1563153726805
518.3593750E6,-120.3511087731347
518.7500000E6,-125.3880239899161
519.1406250E6,-138.6865429052717
519.5312500E6,-127.2685450770712
519.9218750E6,-121.7488054632827
520.3125000E6,-120.2391076399297
520.7031250E6,-120.4273696991931
521.0937500E6,-121.8053482211562
521.4843750E6,-128.5419758049492
521.8750000E6,-139.4571710231854
522.2656250E6,-129.6725705538370
522.6562500E6,-120.4048062413402
523.0468750E6,-120.4335158520899
523.4375000E6,-145.4793534168416
523.8281250E6,-133.9032103365942
524.2187500E6,-136.5918845044337
524.6093750E6,-133.6200227595620
525.0000000E6,-122.9499210856309
525.3906250E6,-123.2756347384193
525.7812500E6,-117.5118551327593
526.1718750E6,-114.6343295182477
526.5625000E6,-117.4349040560125
526.9531250E6,-126.1245876985764
527.3437500E6,-138.7163304721672
527.7343750E6,-127.8867393233779
528.1250000E6,-131.0584939676514
528.5156250E6,-116.8456484707258
528.9062500E6,-117.8879210947038
529.2968750E6,-130.4685100628422
529.6875000E6,-134.4377097931694
530.0781250E6,-126.8133641210564
530.4687500E6,-122.5483040426912
530.8593750E6,-123.7316425511731
531.2500000E6,-116.4287450541534
531.6406250E6,-118.4368500192644
532.0312500E6,-123.9678789203047
532.4218750E6,-136.7740393361289
532.8125000E6,-134.7548553000403
533.2031250E6,-122.0562521066166
533.5937500E6,-137.8175925910944
533.9843750E6,-119.5001302215347
534.3750000E6,-119.7033729468999
534.7656250E6,-122.0393282365894
535.1562500E6,-139.3260016539410
535.5468750E6,-125.3726903629155
535.9375000E6,-126.6571185102973
536.3281250E6,-120.9135721928468
536.7187500E6,-119.1763495897902
537.1093750E6,-122.4645115231874
537.5000000E6,-126.0279786844243
537.8906250E6,-133.8925146564151
538.2812500E6,-132.1390428203420
538.6718750E6,-128.4421197852675
539.0625000E6,-123.3686753352387
539.4531250E6,-127.7642783907244
539.8437500E6,-128.9879491172710
540.2343750E6,-154.9524185092784
540.6250000E6,-140.0951019903368
541.0156250E6,-129.8016923354093
541.4062500E6,-136.9696022677933
541.7968750E6,-125.6895990123255
542.1875000E6,-124.4197390884771
542.5781250E6,-125.6466173892211
542.9687500E6,-124.8516390809093
543.3593750E6,-135.4807203207524
543.7500000E6,-132.6295213168066
544.1406250E6,-126.6329874945485
544.5312500E6,-135.5437476088976
544.9218750E6,-123.9152290534893
545.3125000E6,-120.0672630299637
545.7031250E6,-126.0264698623703
546.0937500E6,-129.9844437114138
546.4843750E6,-123.7751489121352
546.8750000E6,-124.2655806348513
547.2656250E6,-122.1331205459260
547.6562500E6,-121.0458816622505
548.0468750E6,-127.0888578734163
548.4375000E6,-132.0127791740427
548.8281250E6,-126.1592739048646
549.2187500E6,-126.5931755825894
549.6093750E6,-129.0204635475767
550.0000000E6,-133.2416224807752
550.3906250E6,-136.9952193978376
550.7812500E6,-129.3891102792755
551.1718750E6,-127.8703369822492
551.5625000E6,-134.5053018878217
551.9531250E6,-138.2061922804718
552.3437500E6,-130.7282209565703
552.7343750E6,-126.6221924708058
553.1250000E6,-127.5578204560619
553.5156250E6,-119.8228032276625
553.9062500E6,-122.4447938846993
554.2968750E6,-135.8233122618564
554.6875000E6,-132.6460270877576
555.0781250E6,-129.2382918336449
555.4687500E6,-125.7317397810303
555.8593750E6,-136.6798592862629
556.2500000E6,-120.2885537202414
556.6406250E6,-119.9115633765373
557.0312500E6,-130.7458170071385
557.4218750E6,-135.8658481076197
557.8125000E6,-126.3950219806034
558.2031250E6,-124.3610449743703
558.5937500E6,-131.4062358493799
558.9843750E6,-127.9301756425495
559.3750000E6,-129.9073463197446
559.7656250E6,-128.9264977886836
560.1562500E6,-128.1541197286546
560.5468750E6,-128.6606603542478
560.9375000E6,-128.9603134515733
561.3281250E6,-127.6175792205624
561.7187500E6,-121.9667198092015
562.1093750E6,-132.6476995725426
562.5000000E6,-131.9004596249933
562.8906250E6,-127.6247816129467
563.2812500E6,-134.8251255648874
563.6718750E6,-147.5559571453625
564.0625000E6,-140.2306855722569
564.4531250E6,-147.1528566937495
564.8437500E6,-133.3166152991109
565.2343750E6,-130.5323218478965
565.6250000E6,-137.1219043956399
566.0156250E6,-132.3012564357460
566.4062500E6,-141.1029536839969
566.7968750E6,-132.4307478308939
567.1875000E6,-129.9311084803288
567.5781250E6,-128.9549925612293
567.9687500E6,-130.1310136293263
568.3593750E6,-127.4314031926826
568.7500000E6,-130.5623096514519
569.1406250E6,-136.1891648811406
569.5312500E6,-131.8700703893377
569.9218750E6,-129.8092423799109
570.3125000E6,-126.4482419797358
570.7031250E6,-136.7235525241566
571.0937500E6,-145.1055737155121
571.4843750E6,-133.1710052134545
571.8750000E6,-130.9885423444901
572.2656250E6,-124.9398688470650
572.6562500E6,-121.3850627159195
573.0468750E6,-128.8238528441376
573.4375000E6,-146.8443101832735
573.8281250E6,-133.8121291575425
574.2187500E6,-129.7436354378094
574.6093750E6,-132.7783013486464
575.0000000E6,-139.4777968990479
575.3906250E6,-127.7444504400694
575.7812500E6,-128.6972923586993
576.1718750E6,-138.4962325222750
576.5625000E6,-131.0557093468450
576.9531250E6,-134.2821952049903
577.3437500E6,-143.5890222751196
577.7343750E6,-126.2697173825541
578.1250000E6,-120.0662990466439
578.5156250E6,-125.4193579390582
578.9062500E6,-146.0198979299826
579.2968750E6,-135.8625133205180
579.6875000E6,-139.3065068563011
580.0781250E6,-132.4225437069633
580.4687500E6,-131.3881637492156
580.8593750E6,-132.7758362360279
581.2500000E6,-141.2255790979861
581.6406250E6,-148.1638604358095
582.0312500E6,-135.9284405410226
582.4218750E6,-134.0243274191773
582.8125000E6,-141.5721136377206
583.2031250E6,-137.2464539589556
583.5937500E6,-135.0939100050964
583.9843750E6,-133.8384331562254
584.3750000E6,-135.1843691711024
584.7656250E6,-135.0714023677171
585.1562500E6,-131.2570064458895
585.5468750E6,-128.2003437457007
585.9375000E6,-124.7240233088039
586.3281250E6,-121.6365729209463
586.7187500E6,-126.5355345437720
587.1093750E6,-138.7319623058926
587.5000000E6,-157.0221395275237
587.8906250E6,-132.4101829984994
588.2812500E6,-133.7286563981244
588.6718750E6,-127.2528457686613
589.0625000E6,-122.2357638356969
589.4531250E6,-127.6249512719660
589.8437500E6,-139.7776042538457
590.2343750E6,-136.3298021502476
590.6250000E6,-142.8262834010502
591.0156250E6,-136.4777449169673
591.4062500E6,-121.3586434038717
591.7968750E6,-116.2697538161473
592.1875000E6,-122.6899667244418
592.5781250E6,-138.9383838868811
592.9687500E6,-138.9131758705623
593.3593750E6,-138.8161504973533
593.7500000E6,-133.6707141375007
594.1406250E6,-115.4050940457376
594.5312500E6,-108.9301189807396
594.9218750E6,-115.0565160594453
595.3125000E6,-129.0575993389526
595.7031250E6,-133.1076290913170
596.0937500E6,-138.6075988476875
596.4843750E6,-137.8851569944325
596.8750000E6,-84.69774204225811
597.2656250E6,-78.67026044397464
597.6562500E6,-84.67862848632475
598.0468750E6,-135.7493050106663
598.4375000E6,-145.4518090980534
598.8281250E6,-135.2637710279785
599.2187500E6,-133.3187398505236
599.6093750E6,-106.8611680262588
600.0000000E6,-100.9751918509985
600.3906250E6,-106.8908076420893
600.7812500E6,-143.5920505496194
601.1718750E6,-147.1938560623546
601.5625000E6,-143.2744002384082
601.9531250E6,-137.4166349566164
602.3437500E6,-84.89312925459642
602.7343750E6,-78.87401390092739
603.1250000E6,-84.89221374536510
603.5156250E6,-139.7372882439240
603.9062500E6,-149.2381865577989
604.2968750E6,-135.7519359774192
604.6875000E6,-133.1272467087719
605.0781250E6,-115.2641336388076
605.4687500E6,-109.2077669497035
605.8593750E6,-115.4050324931064
606.2500000E6,-134.9863477164732
606.6406250E6,-135.5439145536549
607.0312500E6,-135.9743045721975
607.4218750E6,-136.8198577370389
607.8125000E6,-123.5284185084521
608.2031250E6,-117.5015048638679
608.5937500E6,-124.5011624246971
608.9843750E6,-133.1135114829366
609.3750000E6,-129.7133278744247
609.7656250E6,-131.6301790378836
610.1562500E6,-139.3910368111591
610.5468750E6,-127.1929262163113
610.9375000E6,-122.4112164256320
611.3281250E6,-127.3778422380043
611.7187500E6,-130.4927963530506
612.1093750E6,-130.2410856901171
612.5000000E6,-140.6146797628324
612.8906250E6,-135.0289354549687
613.2812500E6,-126.3075414462026
613.6718750E6,-123.2947854213080
614.0625000E6,-126.0118998469569
614.4531250E6,-127.7285475727299
614.8437500E6,-133.6800238396893
615.2343750E6,-135.5389057422140
615.6250000E6,-146.4096093462124
616.0156250E6,-132.9868940733173
616.4062500E6,-135.3450013838826
616.7968750E6,-133.7196697409127
617.1875000E6,-141.2701802211418
617.5781250E6,-134.2175818560827
617.9687500E6,-133.6146184663146
618.3593750E6,-135.3170249096238
618.7500000E6,-132.7318843073062
619.1406250E6,-132.0803720490560
619.5312500E6,-132.5830675847535
619.9218750E6,-143.3228992151069
620.3125000E6,-138.4907364202423
620.7031250E6,-138.9091445719674
621.0937500E6,-141.9623359674944
621.4843750E6,-130.9748831621616
621.8750000E6,-122.1586264521704
622.2656250E6,-128.7241324949170
622.6562500E6,-139.7575617328128
623.0468750E6,-136.0314210841272
623.4375000E6,-130.0334091268718
623.8281250E6,-132.3391620771888
624.2187500E6,-128.4265843721960
624.6093750E6,-132.8008452734237
625.0000000E6,-151.0404025928825
625.3906250E6,-130.2793551115018
625.7812500E6,-128.7977283548685
626.1718750E6,-128.1707067577780
626.5625000E6,-129.8644452092370
626.9531250E6,-134.5996813383642
627.3437500E6,-121.0346748396770
627.7343750E6,-122.6874620216738
628.1250000E6,-129.3075501927211
628.5156250E6,-139.8739398864337
628.9062500E6,-136.1386272515900
629.2968750E6,-129.7471402170425
629.6875000E6,-123.4531080157717
630.0781250E6,-127.9908634226872
630.4687500E6,-138.6315355653551
630.8593750E6,-138.1015336873723
631.2500000E6,-130.3980656197179
631.6406250E6,-127.1670639235331
632.0312500E6,-132.6570387221523
632.4218750E6,-133.5728892913747
632.8125000E6,-131.3410914230959
633.2031250E6,-133.7072724150631
633.5937500E6,-135.2511991668751
633.9843750E6,-130.4651717128366
634.3750000E6,-131.5658113309014
634.7656250E6,-132.5603379562124
635.1562500E6,-144.1585744365365
635.5468750E6,-136.3850735569471
635.9375000E6,-136.6952483442723
636.3281250E6,-133.5496334504721
636.7187500E6,-133.0690739205937
637.1093750E6,-129.6800060535511
637.5000000E6,-135.5089830974975
637.8906250E6,-124.6021284489243
638.2812500E6,-120.4630542759165
638.6718750E6,-125.7004711863000
639.0625000E6,-128.3145976735542
639.4531250E6,-129.4108219888398
639.8437500E6,-127.2400669213451
640.2343750E6,-125.1693514743314
640.6250000E6,-126.6595617854865
641.0156250E6,-127.6946591764445
641.4062500E6,-133.0088799005649
641.7968750E6,-130.5791949892134
642.1875000E6,-133.9761810318400
642.5781250E6,-154.6139593483702
642.9687500E6,-132.2413650705962
643.3593750E6,-122.1842755473428
643.7500000E6,-120.8491730994698
644.1406250E6,-133.6493321391365
644.5312500E6,-131.1134701223503
644.9218750E6,-132.5418126074670
645.3125000E6,-130.6684401733603
645.7031250E6,-137.9852197015361
646.0937500E6,-124.8905613712151
646.4843750E6,-121.6907479838669
646.8750000E6,-130.7066189327801
647.2656250E6,-129.8567758356698
647.6562500E6,-135.3313706665604
648.0468750E6,-147.9340795441239
648.4375000E6,-132.3234861782496
648.8281250E6,-126.5690518326797
649.2187500E6,-129.7134076129331
649.6093750E6,-130.7331358723050
650.0000000E6,-131.1527058963718
650.3906250E6,-127.1607856412086
650.7812500E6,-126.6248971906113
651.1718750E6,-126.7128185354506
651.5625000E6,-127.2874042553520
651.9531250E6,-122.0949769735929
652.3437500E6,-120.5380781000264
652.7343750E6,-124.7500080984414
653.1250000E6,-126.6868494904002
653.5156250E6,-124.9476933629975
653.9062500E6,-128.4802954030457
654.2968750E6,-129.2908923068797
654.6875000E6,-122.5386660393076
655.0781250E6,-127.4007118701063
655.4687500E6,-132.5139525736558
655.8593750E6,-128.0207004435204
656.2500000E6,-135.8117197440233
656.6406250E6,-134.4206110335257
657.0312500E6,-128.0803754458784
657.4218750E6,-128.2566615001336
657.8125000E6,-122.5654249683912
658.2031250E6,-125.3702996846773
658.5937500E6,-132.1623393216050
658.9843750E6,-125.5660217774559
659.3750000E6,-133.3529036576582
659.7656250E6,-128.2366786012308
660.1562500E6,-123.1379494583474
660.5468750E6,-124.5884259566493
660.9375000E6,-126.6240423145048
661.3281250E6,-126.4581955551545
661.7187500E6,-131.1009722580306
662.1093750E6,-140.4269288591215
662.5000000E6,-124.8706293697382
662.8906250E6,-121.6968008505801
663.2812500E6,-118.3388419855543
663.6718750E6,-120.5202947494150
664.0625000E6,-126.0636387545662
664.4531250E6,-124.7809121340606
664.8437500E6,-134.2068668919425
665.2343750E6,-122.5053854142790
665.6250000E6,-120.1179795670632
666.0156250E6,-119.9435153981570
666.4062500E6,-131.0310569064369
666.7968750E6,-125.3580131155725
667.1875000E6,-134.9558858634912
667.5781250E6,-143.5474090604323
667.9687500E6,-122.4101064480686
668.3593750E6,-116.6105929711462
668.7500000E6,-114.9567679502151
669.1406250E6,-124.3319224962973
669.5312500E6,-121.5603576325816
669.9218750E6,-123.3865971140147
670.3125000E6,-138.4654563904874
670.7031250E6,-129.5474911634232
671.0937500E6,-122.0823985836873
671.4843750E6,-121.6451508063152
671.8750000E6,-128.7725337804888
672.2656250E6,-128.6064633939180
672.6562500E6,-135.8929466887002
673.0468750E6,-150.6363998996980
673.4375000E6,-122.0940926127974
673.8281250E6,-116.8358501774421
674.2187500E6,-116.3216923237485
674.6093750E6,-124.1849645747250
675.0000000E6,-124.9389936664138
675.3906250E6,-131.0821205278929
675.7812500E6,-144.5699223669961
676.1718750E6,-133.9204065843950
676.5625000E6,-128.8952832328144
676.9531250E6,-127.6240134578390
677.3437500E6,-125.8033252633412
677.7343750E6,-135.2797692196388
678.1250000E6,-146.3116267070789
678.5156250E6,-128.7962194628443
678.9062500E6,-122.5925108735105
679.2968750E6,-125.0323967292473
679.6875000E6,-126.7728158216432
680.0781250E6,-126.2111336404026
680.4687500E6,-131.1899761640400
680.8593750E6,-142.2314868101703
681.2500000E6,-125.6750347732518
681.6406250E6,-120.0286647762769
682.0312500E6,-122.5931837349445
682.4218750E6,-129.1952893722782
682.8125000E6,-127.5298877503274
683.2031250E6,-131.3377346218896
683.5937500E6,-129.8963912592360
683.9843750E6,-131.0338544706714
684.3750000E6,-129.5781436411203
684.7656250E6,-139.7369502543739
685.1562500E6,-125.1827423868651
685.5468750E6,-151.7667856947389
685.9375000E6,-128.7172440290884
686.3281250E6,-136.5317738603686
686.7187500E6,-131.7332703008434
687.1093750E6,-130.3481958970624
687.5000000E6,-121.2063695466407
687.8906250E6,-117.1165589470570
688.2812500E6,-120.8797025827380
688.6718750E6,-128.2121044127500
689.0625000E6,-127.6117574697989
689.4531250E6,-128.9337946864481
689.8437500E6,-128.7002946589084
690.2343750E6,-122.7016707875151
690.6250000E6,-119.3016420864922
691.0156250E6,-125.7469403403889
691.4062500E6,-125.1387226928170
691.7968750E6,-126.5996044280604
692.1875000E6,-124.6755160951207
692.5781250E6,-118.2205528220859
692.9687500E6,-116.8296289849018
693.3593750E6,-121.3818512831410
693.7500000E6,-127.3258583112886
694.1406250E6,-130.5759457911044
694.5312500E6,-134.2301038546191
694.9218750E6,-130.2030787073002
695.3125000E6,-137.0590212006070
695.7031250E6,-124.8710941521645
696.0937500E6,-120.3794555150352
696.4843750E6,-127.6914399793953
696.8750000E6,-132.3957234433547
697.2656250E6,-127.5772244396726
697.6562500E6,-126.0141311217593
698.0468750E6,-122.6060770109822
698.4375000E6,-117.3845752133646
698.8281250E6,-118.4918834720896
699.2187500E6,-122.8406168454781
699.6093750E6,-123.9511193501861
700.0000000E6,-141.3241364841418
700.3906250E6,-125.2162614206672
700.7812500E6,-124.2068932468646
701.1718750E6,-119.3409628608302
701.5625000E6,-118.4113968505533
701.9531250E6,-122.7392562010019
702.3437500E6,-123.6934817984948
702.7343750E6,-124.9907061652665
703.1250000E6,-129.8520936587202
703.5156250E6,-125.2264068069880
703.9062500E6,-118.6569533823833
704.2968750E6,-123.6701491896459
704.6875000E6,-153.1210800553557
705.0781250E6,-138.7721939966978
705.4687500E6,-133.3203689394859
705.8593750E6,-127.7555671772642
706.2500000E6,-127.0923149679714
706.6406250E6,-121.2722222387028
707.0312500E6,-116.8498607708330
707.4218750E6,-118.9261910714169
707.8125000E6,-125.2816962975244
708.2031250E6,-124.8438199272632
708.5937500E6,-125.3531830031963
708.9843750E6,-125.4766921778871
709.3750000E6,-117.9462061099207
709.7656250E6,-121.3609457039811
710.1562500E6,-130.3478545232105
710.5468750E6,-130.6997654705009
710.9375000E6,-127.0171912217637
711.3281250E6,-127.4121993189293
711.7187500E6,-121.1555744303736
712.1093750E6,-117.9769109027502
712.5000000E6,-122.4085385191260
712.8906250E6,-131.3114649277347
713.2812500E6,-129.3275123526038
713.6718750E6,-131.3389907774262
714.0625000E6,-124.7913611239656
714.4531250E6,-139.3313589819450
714.8437500E6,-125.1815585312488
715.2343750E6,-132.7097358994176
715.6250000E6,-128.8143579086037
716.0156250E6,-132.0692476671199
716.4062500E6,-128.0260988473724
716.7968750E6,-133.1867846015254
717.1875000E6,-126.8769356110200
717.5781250E6,-127.8838107135059
717.9687500E6,-123.5306525271252
718.3593750E6,-121.3629907078714
718.7500000E6,-127.3251811478121
719.1406250E6,-139.8221373435741
719.5312500E6,-133.2000604903380
719.9218750E6,-125.6873460752821
720.3125000E6,-123.8207563124738
720.7031250E6,-122.8024560899796
721.0937500E6,-122.5820548579411
721.4843750E6,-130.7857561820349
721.8750000E6,-140.9331724650201
722.2656250E6,-130.2955205972602
722.6562500E6,-123.0782959595614
723.0468750E6,-126.2479447785083
723.4375000E6,-131.4950568024934
723.8281250E6,-132.5059690947985
724.2187500E6,-134.4864569491793
724.6093750E6,-132.1418909324222
725.0000000E6,-124.9601125230469
725.3906250E6,-126.5830773158733
725.7812500E6,-116.6026220525094
726.1718750E6,-116.3501122309793
726.5625000E6,-120.0078055166948
726.9531250E6,-132.3287718693898
727.3437500E6,-134.8391030399656
727.7343750E6,-125.5684248518430
728.1250000E6,-134.7111263409795
728.5156250E6,-121.8723128298991
728.9062500E6,-120.8504543050901
729.2968750E6,-133.0032819969938
729.6875000E6,-132.3868242011351
730.0781250E6,-126.6829752613661
730.4687500E6,-122.6165920128705
730.8593750E6,-123.0305969859758
731.2500000E6,-115.2060361956209
731.6406250E6,-117.1304860403645
732.0312500E6,-122.0182677626297
732.4218750E6,-133.8500529624312
732.8125000E6,-128.8032919073221
733.2031250E6,-124.9375449611193
733.5937500E6,-133.5068064559958
733.9843750E6,-123.8002529270700
734.3750000E6,-122.6224248791767
734.7656250E6,-124.2678014623285
735.1562500E6,-142.3639317333795
735.5468750E6,-127.2596683136559
735.9375000E6,-127.3726458414571
736.3281250E6,-121.7136311959541
736.7187500E6,-119.4061018628695
737.1093750E6,-122.5164747637283
737.5000000E6,-124.8074502679997
737.8906250E6,-137.6326293010971
738.2812500E6,-128.9024073532488
738.6718750E6,-129.0849830604354
739.0625000E6,-126.9263816480182
739.4531250E6,-128.5073603323094
739.8437500E6,-123.8984563297685
740.2343750E6,-134.2754594955811
740.6250000E6,-139.3429438509397
741.0156250E6,-126.8906308624037
741.4062500E6,-130.3761575881997
741.7968750E6,-128.4348906092471
742.1875000E6,-124.7091584601877
742.5781250E6,-124.2505584460390
742.9687500E6,-124.5502224469771
743.3593750E6,-131.6235077075529
743.7500000E6,-139.3112124863903
744.1406250E6,-127.3848640271663
744.5312500E6,-133.6935398097370
744.9218750E6,-125.9140210116088
745.3125000E6,-121.7112981837702
745.7031250E6,-128.5995831829238
746.0937500E6,-130.7805067358588
746.4843750E6,-125.2865862879836
746.8750000E6,-126.3077084914678
747.2656250E6,-127.7678620228346
747.6562500E6,-123.7087257621003
748.0468750E6,-125.3229479990513
748.4375000E6,-130.4836751418202
748.8281250E6,-128.4377508056519
749.2187500E6,-128.2677349164704
749.6093750E6,-129.3437558011718
750.0000000E6,-131.8795330232553
750.3906250E6,-135.3029451571798
750.7812500E6,-130.7079072734178
751.1718750E6,-127.4576741359557
751.5625000E6,-129.3743302843405
751.9531250E6,-134.4642742941689
752.3437500E6,-130.3709838498931
752.7343750E6,-127.9402469243022
753.1250000E6,-132.7642350542923
753.5156250E6,-122.8550002329838
753.9062500E6,-124.2590721088078
754.2968750E6,-133.6269675410792
754.6875000E6,-134.5695808393236
755.0781250E6,-130.9701329631135
755.4687500E6,-130.5237365372056
755.8593750E6,-143.5810310763292
756.2500000E6,-121.3333907082087
756.6406250E6,-121.3398525205347
757.0312500E6,-131.3075762438572
757.4218750E6,-144.7562679500379
757.8125000E6,-134.1682963888267
758.2031250E6,-132.3101964520263
758.5937500E6,-134.0837649809645
758.9843750E6,-125.9217412267064
759.3750000E6,-126.7887975273384
759.7656250E6,-129.2598292997958
760.1562500E6,-128.8637162911969
760.5468750E6,-127.7960266130044
760.9375000E6,-126.4195735785469
761.3281250E6,-128.2390277279623
761.7187500E6,-122.5297733488746
762.1093750E6,-127.9548955297487
762.5000000E6,-147.5765922720612
762.8906250E6,-134.4498295906162
763.2812500E6,-141.1500129402028
763.6718750E6,-143.6264016355830
764.0625000E6,-135.8508891374527
764.4531250E6,-140.3892930958898
764.8437500E6,-147.7197412260568
765.2343750E6,-136.4878906330340
765.6250000E6,-132.4106892534279
766.0156250E6,-130.5218655365232
766.4062500E6,-138.4917190706011
766.7968750E6,-133.8096503576137
767.1875000E6,-127.3112355087486
767.5781250E6,-128.7266490833747
767.9687500E6,-135.4572590422801
768.3593750E6,-133.3589859741281
768.7500000E6,-141.5521105310645
769.1406250E6,-132.5301362428597
769.5312500E6,-131.4320316535258
769.9218750E6,-131.2707587353740
770.3125000E6,-126.2504185110794
770.7031250E6,-134.0787763381943
771.0937500E6,-133.0756580018286
771.4843750E6,-133.8266280362244
771.8750000E6,-130.3081514992551
772.2656250E6,-123.4018347844490
772.6562500E6,-121.2896898487702
773.0468750E6,-130.1412246757849
773.4375000E6,-137.2255044205952
773.8281250E6,-130.2747473167296
774.2187500E6,-126.6398230744612
774.6093750E6,-127.2896056468365
775.0000000E6,-137.1717068951372
775.3906250E6,-129.7794011345552
775.7812500E6,-126.8252099060042
776.1718750E6,-132.1184401959647
776.5625000E6,-129.8537004131928
776.9531250E6,-134.0238123502068
777.3437500E6,-146.1207586835730
777.7343750E6,-130.2987364294457
778.1250000E6,-122.2623974443294
778.5156250E6,-130.4915907746262
778.9062500E6,-138.2147817505922
779.2968750E6,-134.1043212652528
779.6875000E6,-136.3399523886962
780.0781250E6,-135.2766661360785
780.4687500E6,-135.7470414170026
780.8593750E6,-144.3079994359836
781.2500000E6,-135.8467432051310
781.6406250E6,-134.2117475655619
782.0312500E6,-132.2447263760974
782.4218750E6,-134.1559095145124
782.8125000E6,-140.1746789081662
783.2031250E6,-131.6164282917315
783.5937500E6,-138.5894194083275
783.9843750E6,-133.5147184666679
784.3750000E6,-138.4705320674334
784.7656250E6,-138.1667809439999
785.1562500E6,-136.5063410196963
785.5468750E6,-131.1825049996485
785.9375000E6,-126.7491093468325
786.3281250E6,-124.1250393143190
786.7187500E6,-127.6977414586042
787.1093750E6,-135.1714690973497
787.5000000E6,-139.1903291457986
787.8906250E6,-133.6859829312963
788.2812500E6,-135.3687954407713
788.6718750E6,-129.6330285027869
789.0625000E6,-124.0107458433829
789.4531250E6,-127.4196730921803
789.8437500E6,-136.1261259624036
790.2343750E6,-138.6379893776911
790.6250000E6,-137.2350335352556
791.0156250E6,-140.4468333284768
791.4062500E6,-124.1658370386219
791.7968750E6,-119.0314625730963
792.1875000E6,-126.3927969408144
792.5781250E6,-133.4214611838585
792.9687500E6,-133.7523560848588
793.3593750E6,-138.8546672187714
793.7500000E6,-133.4044093888517
794.1406250E6,-116.4432980749266
794.5312500E6,-110.0084958283912
794.9218750E6,-116.0559013498193
795.3125000E6,-130.5142833181690
795.7031250E6,-132.6885986380817
796.0937500E6,-135.1580621487549
796.4843750E6,-138.2557665394643
796.8750000E6,-88.63456035674376
797.2656250E6,-82.62613015366676
797.6562500E6,-88.62893561117326
798.0468750E6,-136.4446714333925
798.4375000E6,-140.6032250222704
798.8281250E6,-143.4260309733305
799.2187500E6,-135.2880119748146
799.6093750E6,-107.5964463169294
800.0000000E6,-107.7355938315520
